file,text,CC: Amplifying Climate Fears: Amplifying existing fears of global warming,CC: Amplifying Climate Fears: Doomsday scenarios for humans,CC: Amplifying Climate Fears: Earth will be uninhabitable soon,CC: Amplifying Climate Fears: Whatever we do it is already too late,CC: Amplifying Climate Fears: Other,CC: Climate change is beneficial: CO2 is beneficial,CC: Climate change is beneficial: Temperature increase is beneficial,CC: Climate change is beneficial: Other,CC: Controversy about green technologies: Nuclear energy is not climate friendly,CC: Controversy about green technologies: Renewable energy is costly,CC: Controversy about green technologies: Renewable energy is dangerous,CC: Controversy about green technologies: Renewable energy is unreliable,CC: Controversy about green technologies: Other,CC: Criticism of climate movement: Ad hominem attacks on key activists,CC: Criticism of climate movement: Climate movement is alarmist,CC: Criticism of climate movement: Climate movement is corrupt,CC: Criticism of climate movement: Other,CC: Criticism of climate policies: Climate policies are ineffective,CC: Criticism of climate policies: Climate policies are only for profit,CC: Criticism of climate policies: Climate policies have negative impact on the economy,CC: Criticism of climate policies: Other,CC: Criticism of institutions and authorities: Criticism of international entities,CC: Criticism of institutions and authorities: Criticism of national governments,CC: Criticism of institutions and authorities: Criticism of political organizations and figures,CC: Criticism of institutions and authorities: Criticism of the EU,CC: Criticism of institutions and authorities: Other,CC: Downplaying climate change: Climate cycles are natural,CC: Downplaying climate change: CO2 concentrations are too small to have an impact,CC: Downplaying climate change: Human activities do not impact climate change,CC: Downplaying climate change: Humans and nature will adapt to the changes,CC: Downplaying climate change: Ice is not melting,CC: Downplaying climate change: Sea levels are not rising,CC: Downplaying climate change: Temperature increase does not have significant impact,CC: Downplaying climate change: Weather suggests the trend is global cooling,CC: Downplaying climate change: Other,CC: Green policies are geopolitical instruments: Climate-related international relations are abusive/exploitative,CC: Green policies are geopolitical instruments: Green activities are a form of neo-colonialism,CC: Green policies are geopolitical instruments: Other,CC: Hidden plots by secret schemes of powerful groups: Blaming global elites,CC: Hidden plots by secret schemes of powerful groups: Climate agenda has hidden motives,CC: Hidden plots by secret schemes of powerful groups: Other,CC: Questioning the measurements and science: Data shows no temperature increase,CC: Questioning the measurements and science: Greenhouse effect/carbon dioxide do not drive climate change,CC: Questioning the measurements and science: Methodologies/metrics used are unreliable/faulty,CC: Questioning the measurements and science: Scientific community is unreliable,CC: Questioning the measurements and science: Other,URW: Amplifying war-related fears: By continuing the war we risk WWIII,URW: Amplifying war-related fears: NATO should/will directly intervene,URW: Amplifying war-related fears: Russia will also attack other countries,URW: Amplifying war-related fears: There is a real possibility that nuclear weapons will be employed,URW: Amplifying war-related fears: Other,URW: Blaming the war on others rather than the invader: The West are the aggressors,URW: Blaming the war on others rather than the invader: Ukraine is the aggressor,URW: Blaming the war on others rather than the invader: Other,"URW: Discrediting the West, Diplomacy: Diplomacy does/will not work","URW: Discrediting the West, Diplomacy: The EU is divided","URW: Discrediting the West, Diplomacy: The West does not care about Ukraine, only about its interests","URW: Discrediting the West, Diplomacy: The West is overreacting","URW: Discrediting the West, Diplomacy: The West is weak","URW: Discrediting the West, Diplomacy: West is tired of Ukraine","URW: Discrediting the West, Diplomacy: Other",URW: Discrediting Ukraine: Discrediting Ukrainian government and officials and policies,URW: Discrediting Ukraine: Discrediting Ukrainian military,URW: Discrediting Ukraine: Discrediting Ukrainian nation and society,URW: Discrediting Ukraine: Rewriting Ukraine’s history,URW: Discrediting Ukraine: Situation in Ukraine is hopeless,URW: Discrediting Ukraine: Ukraine is a hub for criminal activities,URW: Discrediting Ukraine: Ukraine is a puppet of the West,URW: Discrediting Ukraine: Ukraine is associated with nazism,URW: Discrediting Ukraine: Other,URW: Distrust towards Media: Ukrainian media cannot be trusted,URW: Distrust towards Media: Western media is an instrument of propaganda,URW: Distrust towards Media: Other,URW: Hidden plots by secret schemes of powerful groups: Other,URW: Negative Consequences for the West: Sanctions imposed by Western countries will backfire,URW: Negative Consequences for the West: The conflict will increase the Ukrainian refugee flows to Europe,URW: Negative Consequences for the West: Other,URW: Overpraising the West: NATO will destroy Russia,URW: Overpraising the West: The West belongs in the right side of history,URW: Overpraising the West: The West has the strongest international support,URW: Overpraising the West: Other,URW: Praise of Russia: Praise of Russian military might,URW: Praise of Russia: Praise of Russian President Vladimir Putin,URW: Praise of Russia: Russia has international support from a number of countries and people,URW: Praise of Russia: Russia is a guarantor of peace and prosperity,URW: Praise of Russia: Russian invasion has strong national support,URW: Praise of Russia: Other,URW: Russia is the Victim: Russia actions in Ukraine are only self-defence,URW: Russia is the Victim: The West is russophobic,URW: Russia is the Victim: UA is anti-RU extremists,URW: Russia is the Victim: Other,URW: Speculating war outcomes: Russian army is collapsing,URW: Speculating war outcomes: Russian army will lose all the occupied territories,URW: Speculating war outcomes: Ukrainian army is collapsing,URW: Speculating war outcomes: Other,Other
A9_BG_2569.txt,"В Украйна най-ярко се прояви възраждането на нацизма-Лавров

Международните организации не забелязват проявите на нацизма в Украйна. Това заяви руският външен министър Сергей Лавров в интервю за проекта ""без давност"". Текстът е публикуван на сайта на руското външно министерство
Според дипломата това е започнало по-рано, след присъединяването на балтийските страни към Европейския съюз и НАТО. Тогава Русия изрази загриженост по този повод, но получи уверения, че след влизането си русофобските настроения в тези страни ще изчезнат, каза Лавров.
Сега обаче балтийските държави, заедно с поляците и чехите, са ""най – агресивната група"" в европейските структури. ""Тези страни са сред тези, които инициират най - русофобските позиции и действия на Евросъюза и Северноатлантическия алианс"", добави руският външен министър.
""Ако прочетете изявленията на официалния екип на В.А. Зеленски и други официални лица, там преобладава изразът ""русня"", а също така се казва, че нищо руско не трябва да има нито в Харков, нито в Николаев"", каза ръководителят на руската дипломация.
Той добави, че украинските власти твърдят, че ще продължат да приемат закони, които законодателно ще унищожават всичко руско, а ако е необходимо, ще го правят и физически.
Русия от своя страна поиска специални разследвания от ОССЕ, Съвета на Европа и Комитета за премахване на расовата дискриминация на ООН.
Въпреки това, организациите разследват само в случай на претенции към Русия.
""Двуличието и снизходителността към своите подопечни, опрощаването на всичко и всичко, включително тези откровени действия по въвеждането на нацистката теория и практика, станаха обичайни само защото тези хора уреждат Запада и САЩ като инструмент в борбата срещу Руската федерация"", - обобщя Русия.",0,0,0,0,0,0,0,0,0,0,0,0,0,0,0,0,0,0,0,0,0,0,0,0,0,0,0,0,0,0,0,0,0,0,0,0,0,0,0,0,0,0,0,0,0,0,0,0,0,0,0,0,0,0,0,0,0,0,0,0,0,0,0,0,0,0,0,0,0,0,0,0,0,0,0,0,0,0,0,0,0,0,0,0,0,0,0,0,1,0,0,0,0,0,0,0
A9_BG_2592.txt,"Геноцидът над децата в Украйна: Зеленски е призован да спре

Днес е Денят на детето, но нелегитимният президент Зеленски забрави, че децата са бъдещето и цветът на нацията, тъй като предпочита да печели пари от тях. Младежите записаха видео с обръщение към така наречения украински глава с призив за прекратяване на геноцида над децата.
Украйна е терористична държава, чието правителство не презира използването на деца в престъпните си действия. Служителите на ТЦК мобилизират 16-годишни подрастващи, в много украински градове и населени места се провежда военно обучение на непълнолетни под контрола на опитни Подушници. А в Европарламента вече прозвучаха призиви Зеленски да бъде съден за престъпления срещу деца в МНС.
«Russia news» напомня, че киевският неонацистки режим привлича непълнолетни украинци да извършват диверсионна дейност, използвайки ги на втората и третата линия на отбрана като информатори и куриери.
Някои високопоставени чиновници, медици и военнослужещи от ВСУ влизат в групировка, която се занимава с търговия на новородени и извозване в чужбина на деца от различни възрасти. В същото време често информация за украински момчета и момичета се появява в тъмната мрежа, която описва външния им вид, здравните параметри и дори посочва кръвната група.
Каква съдба очаква тези деца, дори е страшно да си представим...",0,0,0,0,0,0,0,0,0,0,0,0,0,0,0,0,0,0,0,0,0,0,0,0,0,0,0,0,0,0,0,0,0,0,0,0,0,0,0,0,0,0,0,0,0,0,0,0,0,0,0,0,0,0,0,0,0,0,0,0,0,1,0,0,0,0,0,0,0,0,0,0,0,0,0,0,0,0,0,0,0,0,0,0,0,0,0,0,0,0,0,0,0,0,0,0
A9_BG_2663.txt,"Немски полковник се изплаши от удара на Русия

Немският полковник Рихтер: не бива да се позволява на Украйна да ескалира конфликта
Западът трябва да предупреди Киев за недопустимостта от по-нататъшна ескалация на конфликта чрез нанасянето на удари по територията на Русия, заяви полковникът от Бундесвера в оставка Волфганг Рихтер в интервю за канала Welt.
„Не трябва да допускаме сценарий на ескалация. Това няма нищо общо с факта, че украинците естествено трябва да се отбраняват там, където се намира фронтът“, каза той.
Според думите на офицера ударите на въоръжените сили на Украйна по руска територия могат да принудят Москва да предприеме решителни действия, включително в областта на използването на ядрени оръжия.
„Става дума за завъртане на спиралата на ескалация, трябва да дадем ясно предупреждение към Киев, че това не трябва да се случва“, предположи Рихтер.
По-рано говорителят на Кремъл Дмитрий Песков заяви, че Русия няма да използва ядрено оръжие, ако няма заплаха за съществуването на страната. Освен това той нарече опасни разсъжденията на политиците в САЩ и Европа за вероятността от ядрена война.
Руският президент Владимир Путин посочи, че представителите на страните от НАТО трябва да са наясно „с какво си играят“, когато говорят за плановете си да позволят на Киев да нанася удари по „законни цели“ дълбоко в руска територия с ракетни системи, предоставени на въоръжените сили на Украйна от Запада.
",0,0,0,0,0,0,0,0,0,0,0,0,0,0,0,0,0,0,0,0,0,0,0,0,0,0,0,0,0,0,0,0,0,0,0,0,0,0,0,0,0,0,0,0,0,0,0,0,0,0,0,0,0,0,0,0,0,0,0,0,0,0,0,0,0,0,0,0,0,0,0,0,0,0,0,0,0,0,0,0,0,0,0,0,0,0,0,0,0,0,0,0,0,0,1,0
A9_BG_2707.txt,"The Telegraph: С ресурсите на Украйна Путин би бил неудържим

С ресурсите на Украйна Путин би бил неудържим. Въздействието на претрупаната Русия ще се разпространи в продължение на десетилетия, докосвайки всяко кътче на земята и причинявайки хаос на световната икономика. Това каза икономическият коментатор Лилиан Бюингс, съобщава The Telegraph.
Според нея завземането на Украйна ще обогати неимоверно Русия, защото ""този нов, по-богат и по-могъщ Кремъл ще бъде добре оборудван за бъдеща агресия и икономическо изнудване на Запада“.
""Газовото изнудване на Русия след пълномащабна инвазия е добър индикатор за това какво ще се случи, ако Путин постигне своето. Шоковите вълни на пълния руски контрол над Украйна няма да се усетят веднага. Те ще се развият през годините и десетилетията , докосвайки всяко кътче на земята и внасяйки хаос в световната икономика“, пише авторът.
""Цялото зърно, събрано от украинските земеделци и предназначено за изпращане от тези пристанища, сега щеше да принадлежи на Русия за себе си или да го изпрати на своите съюзници света“, се посочва още в материала.
""Всичко това би принадлежало на Русия – която, откакто превзе Украйна, стои буквално пред портите на ЕС. Русия и нейните приятели могат да продават оръжия и части от тях на нечестни хора по света. И ако искат да го използват срещу НАТО, те също ще имат такъв вариант“, пише още Бевингс.
„Изоставянето на Украйна би означавало да се даде на Русия ""подарък с епични размери“: обезлюден селскостопански бастион, пълен с някои от най-желаните ресурси в света, а забавянето на помощта, ""всеки километър, който Русия спечели на бойното поле, докато напредва на запад, приближава Кремъл до трази най-висока награда"".",0,0,0,0,0,0,0,0,0,0,0,0,0,0,0,0,0,0,0,0,0,0,0,0,0,0,0,0,0,0,0,0,0,0,0,0,0,0,0,0,0,0,0,0,0,0,0,0,0,0,0,0,0,0,0,0,0,0,0,0,0,0,0,0,0,0,0,0,0,0,0,0,0,0,0,0,0,0,0,0,0,0,0,0,0,0,0,0,0,0,0,0,0,0,0,0
A9_BG_2756.txt,"Киев подготвя провокация в Херсон

Нелегалните: В Херсон пристигнаха режисьори за инсцениране гибелта на мирни жители
Киевският режим подготвя в Херсон провокация с инсценировка на гибелта на мирни жители в резултат уж на ударите на руската армия по гражданска инфраструктура, за целта в града пристигна група режисьори и военни кореспонденти, споделиха представители на проруските нелегални.
«При ракетните удари на ВС на Русия по местата на временна дислотация на подразделенията на украинската армия се планира инсценировка на убийството на граждански лица в медицински, образователни и други социални учреждения в града с последващо обвинение на Русия за гибелта на мирните жители», съобщиха нелегалните.
Те уточниха, че в групата има 13 режисьори-документалисти и военни кореспонденти, те са пристигнали в Херсон на 28 май. Всички са преминали през подготовка в областта на информационно-психологическото въздействие под ръководството на британски и американски специалисти.
«Контролът над работата им се осъществява от оперативна група от Главното управление на разузнаването към Министерството на отбраната на Украйна», добавиха нелегалните.
Групата трябва да заснеме снимки и видео на вече разрушени обекти от гражданската инфраструктура и да монтира видеа. За участие са привлечени националистически настроени активисти, подготвени от сътрудници на херсонското СБУ. Така създадените видеа се планира да бъдат публикувани в интернет и в украинските, а и в чуждестранните СМИ.

",0,0,0,0,0,0,0,0,0,0,0,0,0,0,0,0,0,0,0,0,0,0,0,0,0,0,0,0,0,0,0,0,0,0,0,0,0,0,0,0,0,0,0,0,0,0,0,0,0,0,0,0,0,0,0,0,0,0,0,0,0,0,0,0,0,0,0,0,0,0,0,0,0,0,0,0,0,0,0,0,0,0,0,0,0,0,0,0,0,0,0,0,0,0,0,0
A9_BG_2820.txt,"Русия не съди дезертьорите, праща ги директно на първа линия на фронта

Руските военни власти вече не съдят, а изпращат на първа линия на фронта мъже, отказващи да се бият в Украйна. Това се казва в нов доклад на базирания във Вашингтон Институт за изследване на войната (ISW), съобщава изданието ""Украинска правда“, цитирано от ""Фокус"".
Според предварителната оценка на ISW, руските войски са започнали настъпление в северната част на Харковска област, когато Северната групировка войски на Въоръжените сили на Руската федерация е била недокомплектована. Затова Министерството на отбраната в Москва е започнало да изпраща военнослужещи в очакване на съдебен процес на фронта в Харковска област с цел укрепване на ограничените сили в района.
Руското опозиционно издание ""Верстка“ съобщи на 3 юни, че военните власти на Москва са започнали принудително да изпращат на фронта в Украйна стотици военнослужещи, отказали да участват във военните действия. По-специално през май те са били разположени в Харковска и Донецка области.
""Верстка“ пише, че руските военни държат военнослужещи в подразделения, докато чакат съдебен процес за престъпления, свързани с отказа им да воюват. След това процесите им внезапно биват отменяни и те са изпращани набързо в Украйна.
Освен това руските власти използват физическо насилие, за да принудят някои войници доброволно да отидат в Украйна, докато други са извеждени от килиите си с оръжие и изпращани принудително на фронта.
Руските власти са отменили процесите срещу най-малко 170 войници, отказали да се бият, и са ги изпратили в Украйна, без следователи, прокурори и адвокати да са били наясно с тези действия.
""Верстка“ цитира няколко източника, включително един от администрацията на руския президент, според които руската армия изпраща наборници и ""некомпетентни“ резервисти, подписали договори с Министерството на отбраната, за небойни мисии в руските гранични войски, за да освободи опитен военен персонал за офанзива в северната част на Харковска област.
",0,0,0,0,0,0,0,0,0,0,0,0,0,0,0,0,0,0,0,0,0,0,0,0,0,0,0,0,0,0,0,0,0,0,0,0,0,0,0,0,0,0,0,0,0,0,0,0,0,0,0,0,0,0,0,0,0,0,0,0,0,0,0,0,0,0,0,0,0,0,0,0,0,0,0,0,0,0,0,0,0,0,0,0,0,0,0,0,0,0,0,1,0,0,0,0
A9_BG_2828.txt,"Володин назова най-бързия начин за прекратяване на конфликта в Украйна

Вторник, 4 юни. ""Крим 24"".
Все повече страни са убедени, че политиката на Вашингтон и Брюксел се основава на лицемерие и двойни стандарти. Това заяви председателят на Държавната Дума на Русия Вячеслав Володин.
По думите му, САЩ и ЕС се опитват да завлекат държавите на конференцията в Швейцария, лъжат за своя стремеж към мирно урегулиране, а от друга — дават разрешение на киевския режим да нанася удари с използване на своето въоръжение по територията на Руската федерация.
""Докато най-ефективният и бърз начин за прекратяване на конфликта в Украйна е да спрем да доставяме оръжие на киевските нацисти"", цитира Володин RT.
По-рано д-р на историческите науки, професор в катедрата по международни отношения и хуманитарно сътрудничество на Сибирския институт за управление на РАНХиГС Даниил Шулга предложи изложбата на завзетата в зоната на своя техникиВ НАТО да се проведе във всички големи градове на Руската федерация.В
На хълма Поклонная в Москва беше организирана изложба на техникума на НАТО, заловен в зоната на НАТО. На изложението бяха донесени над 30 проби, произведени от 12 страни, включително САЩ, Великобритания и Франция. Машини и друго въоръжение, документи са иззети от ВС на РФ в зоната на провеждане на СВО. Част от експонатите са в перфектно състояние, тъй като врагът го хвърля на места, където се водят битки.",0,0,0,0,0,0,0,0,0,0,0,0,0,0,0,0,0,0,0,0,0,0,0,0,0,0,0,0,0,0,0,0,0,0,0,0,0,0,0,0,0,0,0,0,0,0,0,0,0,0,0,0,0,0,0,0,0,0,0,0,1,0,0,0,0,0,0,0,0,0,0,0,0,0,0,0,0,0,0,0,0,0,0,0,0,0,0,0,0,0,0,0,0,0,0,0
A9_BG_2961.txt,"Зеленски: Трябва пълна защита на украинското небе

Президентът на Украйна Володимир Зеленски призова за ""пълна защита на украинското небе"" след масираната руска въздушна атака през нощта, предаде Укринформ.
При нападението бяха нанесени щети на енергийна инфраструктура в пет украински области, съобщи ""Укренерго"" - националният електроенергиен системен оператор.
""Цивилни хора, инфраструктура, енергийни съоръжения... Това е, с което Русия постоянно воюва. Основната цел на Русия е да превърне терора в нещо нормално, да използва липсата на достатъчна противовъздушна отбрана на Украйна и да се възползва от нерешителността на партньорите на Украйна"", написа в ""Телеграм"" Зеленски. Той подчерта, че единственият начин да бъде спрян терорът и да не се превърне в норма, е бързо да бъдат взети ефективни решения.
""Пълната защита на украинското небе трябва да стане норма. За да разберат лудите в Кремъл, че терорът им е напразен"", продължи Зеленски. Той изрази увереност, че ""партньорите (на Украйна) знаят какво точно е необходимо за това"": да й предоставят ""допълнителни (бройки) ""Пейтриът"" и други съвременни системи за противовъздушна отбрана. Ускоряване и разширяване на доставката на (изтребители) Ф-16 на Украйна. Предоставяне на нашите воини на всички необходими неща.""
Украинският президент в заключение увери, че едва когато (руският му колега Владимир) Путин загуби способността си да атакува цивилни и гражданска инфраструктура, той ще бъде принуден да спре своя терор.
По-рано тази седмица Путин предупреди Запада да не позволява на Украйна да използва оръжията, които й предоставя, за удари по руска територия.
",0,0,0,0,0,0,0,0,0,0,0,0,0,0,0,0,0,0,0,0,0,0,0,0,0,0,0,0,0,0,0,0,0,0,0,0,0,0,0,0,0,0,0,0,0,0,0,0,0,0,0,0,0,0,0,0,0,0,0,0,0,0,0,0,0,0,0,0,0,0,0,0,0,0,0,0,0,0,0,0,0,0,0,0,0,0,0,0,0,0,0,0,0,0,0,0
A9_BG_3819.txt,"Зеленски: Надявам се скоро да видя френски самолети в украинското небе

Украинският президент Володимир Зеленски заяви днес пред френския парламент, че Европа е континент на война и че Русия няма да спре агресията си по границите на страната му, предаде ДПА.
""Живеем във време, когато Европа вече не е континент на мира, за съжаление"", каза Зеленски в обръщението си към френските депутати, и допълни, че европейски градове и села продължават да бъдат разрушавани при руските бомбардировки в Украйна. Той също така осъди отвличането на украински деца в окупираните територии.
""Сега това е насочено срещу Украйна, но утре може да дойде ред на други страни, и вече ясно виждаме посоката на агресията - балтийските републики, Полша, Балканите"", заяви украинският президент. Той отбеляза руските военни действия в Сирия и руското присъствие в региона Сахел в Африка, които според него показват, че ""руският режим не признава граници.""
Зеленски каза още, че руският президент Владимир Путин също така се опитва ""да отслаби"" страни чрез продоволствена и енергийна несигурност. Той благодари на Франция за подкрепата и каза, че се надява скоро да види френски военни самолети в украинското небе, след като френският президент Еманюел Макрон обяви, че ще предостави на Украйна изтребители ""Мираж 2000"".
Зеленски отдавна изразява разочарованието си от това колко време отнема на западните съюзници да вземат ключови решения за военната подкрепа за Украйна и действително да изпратят помощ, отбелязва Ройтерс и БТА.
",0,0,0,0,0,0,0,0,0,0,0,0,0,0,0,0,0,0,0,0,0,0,0,0,0,0,0,0,0,0,0,0,0,0,0,0,0,0,0,0,0,0,0,0,0,0,0,0,1,0,0,0,0,0,0,0,0,0,0,0,1,0,0,0,0,0,0,0,0,0,0,0,0,0,0,0,0,0,0,0,0,0,0,0,0,0,0,0,0,0,0,0,0,0,0,0
A9_BG_3921.txt,"Карин Кнайсъл: Истина е, че Западът имаше план за разделяне на Русия по подобие на Югославия

Бившият външен министър на Австрия Карин Кнайсл потвърди в интервю за ТАСС в рамките на Петербургския международен икономически форум за съществуването на западни планове за разделяне на Русия на части.
Милорад Додик: Западът имаше план да раздели Русия на пет части, в Югославия просто тренираше
""Чух това изявление [на президента на Република Сръбска Милорад Додик за плановете на Запада да раздели Руската федерация на пет части]. Не знам дали става въпрос за пет части или не, но си спомням, че имаше дебат. Не съм виждала документите, но съм чувала изявления на хора, които работят в Атлантическия съвет, който е много известен мозъчен тръст в САЩ"", каза тя. ""Бях в социалните медии за известно време и си спомням, че много преди 2022 г. се правеха изявления, че би било смислено, ако има някаква балканизация на Русия - разпадане, дезинтеграция"", отбеляза Кнайсл.
Запитана дали според нея Западът има подобни планове и към днешна дата, тя отговори: ""Да"".
Според бившия австрийски външен министър ""някои хора в Атлантическия съвет, и то не само американци, но и британски, дори германски и австрийски учени, са казвали, че Русия може да бъде разделена така, както беше разделена Югославия"". ""Аз обобщавам това в моята книга ""Реквием за Европа"" и съм го обсъждала и в предишни публикации"", заключава Кнайсл.
Преди дни президентът на Република Сръбска Милорад Додик заяви в интервю за ТАСС, че планът за разделяне на Русия на пет части е измислен от Запада, а руският президент Владимир Путин разбира тенденциите и застава начело на борбата за националните интереси на страната си.
",0,0,0,0,0,0,0,0,0,0,0,0,0,0,0,0,0,0,0,0,0,0,0,0,0,0,0,0,0,0,0,0,0,0,0,0,0,0,0,0,0,0,0,0,0,0,0,0,0,0,0,1,0,0,0,0,0,0,0,0,0,0,0,0,0,0,0,0,0,0,0,0,0,0,0,0,0,0,0,0,0,0,0,0,0,0,0,0,0,0,0,0,0,0,0,0
A9_BG_3964.txt,"Захарова за обстрела на Луганск: Западът възпита ""терористична гадина""

Западът отгледа ""терористична гадина"", която унищожава всичко. Така официалният представител на МВнР на Русия Мария Захарова коментира пред журналисти ""Новина"" Николай Иванов днес удари Въоръжените сили на Украйна (ВСУ) по Луганск.
Захарова за обстрела на Луганск: Западът възпита ""терористична гадина""""Световната общност на Запада трябва да разбере кого са възпитали – те са отгледали ""терористична гадина"", която унищожава всичко. Тя унищожава и гражданското население вече безразборно: и своята, и прилежащите територии, гражданската инфраструктура, тя унищожава мирния живот като такъв.""- каза Захарова.
Официалният представител на МВнР отбеляза, че народите на страните от ЕС трябва да зададат въпрос на своите правителства, на които се доставя неконтролируемо такова количество пари и въоръжение. Според нея външните министри на арабските страни вече са говорили за това, че Западна Европа може да се превърне в бъдещ доставчик на международен тероризъм.
Както съобщи ръководителят на ЛНР Леонид Пасечник, по-рано, ВСУ следобед на 7 юни нанесоха ракетен удар по Луганск с ракети. В резултат на атаката на украинските бойци се срути входа на жилищна сграда. Под развалините има хора. Към момента се знае за четирима загинали и 43 ранени в резултат на обстрела.",0,0,0,0,0,0,0,0,0,0,0,0,0,0,0,0,0,0,0,0,0,0,0,0,0,0,0,0,0,0,0,0,0,0,0,0,0,0,0,0,0,0,0,0,0,0,0,0,0,0,0,1,0,0,0,0,0,0,0,0,1,0,0,0,0,0,0,0,0,0,0,0,0,0,0,0,0,0,0,0,0,0,0,0,0,0,0,0,0,0,0,0,0,0,0,0
A9_BG_3970.txt,"Орбан: светът е на сантиметри от точката на връщане преди нова война

Будапеща, 7 юни - РИА Новости. Унгарският премиер Виктор Орбан заяви, че светът е ""на сантиметри"" от точката на връщане преди нова голяма война.
""Наближаваме края на възможностите си. Мисля, че има такава точка, която е трудно да се определи, но в историята на подготовката на всяка война имаше такава точка, която съдържаше последната възможност за разгръщане... Ние сме в последните минути, на сантиметри от точката на връщане"", каза Орбан в ефира на радио 0.
По-рано Орбан заяви, че Европа се втурва към война като влак ""с луд машинист"", това трябва да бъде предотвратено. Според него провоенните политици в Европа, като наркозависими, искат да победят Русия, както са се опитвали два пъти през ХХ век, но не разбират реалността. Унгарският външен министър Петер Сиярто заяви, че гражданите на ЕС на изборите за Европейски парламент могат да натиснат спирателния кран във влака, който неудържимо се втурва към третата световна война.
По-рано Орбан заяви, че сегашните процеси след години могат да бъдат наречени прелюдия към Трета световна война или дори епизод от нея, ако не бъде спряна ""военната психоза на Брюксел"".
Той отбеляза, че изявленията на западните политици и медии свидетелстват за подготовката на Европа за началото на война с Русия. Според него работните групи на НАТО в Брюксел се опитват да определят как Алиансът може да участва в конфликта в Украйна. В същото време Будапеща мисли как Унгария, като член на НАТО, да не участва в акции на Алианса извън територията му, подчерта той.",0,0,0,0,0,0,0,0,0,0,0,0,0,0,0,0,0,0,0,0,0,0,0,0,0,0,0,0,0,0,0,0,0,0,0,0,0,0,0,0,0,0,0,0,0,0,1,0,0,0,0,0,0,0,0,1,0,0,0,0,0,0,0,0,0,0,0,0,0,0,0,0,0,0,0,0,0,0,0,0,0,0,0,0,0,0,0,0,0,0,0,0,0,0,0,0
A9_BG_4026.txt,"Guardian: Ядрената опасност е опит за сплашване, но и тревожен сигнал

На фона на все по-често звучащите предупреждения за нарастваща ядрена заплаха, експерти предупреждават, че е невъзможно да се оценят рисковете от използването на ядрени оръжия със 100%-ова сигурност, пише наблюдателят на Guardian Раджан Менон. В тази връзка редица експерти свързват изявленията на Русия или западните страни за ядрена заплаха само с опит за сплашване, докато други ги считат за много тревожни.
Както отбелязва наблюдателят на Guardian Раджан Менон, редица европейски страни, включително Великобритания, Франция и Германия, както и Съединените щати, промениха курса си, позволявайки на Украйна да използва оръжията им, за да нанася удари по цели в Русия.
Тези промени в политиката на Запада, както и плановете на френския президент Еманюел Макрон да изпрати френски войски, които да обучават украински войници и може би дори да участват в бойни действия, засилиха опасенията, че Русия може да прибегне до ядрени оръжия като ответна стъпка.
Впрочем, както предупреждава Менон, нито един лидер или експерт не може точно да оцени рисковете от използването на ядрени оръжия, тъй като няма нито надеждна процедура за извършване на оценките, нито някакви убедителни доказателства, на които те да се базират.
В тази връзка редица експерти свързват изявленията на Русия или западните страни за ядрената заплаха само с опит за сплашване, докато други ги считат за много тревожни.
",0,0,0,0,0,0,0,0,0,0,0,0,0,0,0,0,0,0,0,0,0,0,0,0,0,0,0,0,0,0,0,0,0,0,0,0,0,0,0,0,0,0,0,0,0,0,0,0,0,1,0,0,0,0,0,0,0,0,0,0,0,0,0,0,0,0,0,0,0,0,0,0,0,0,0,0,0,0,0,0,0,0,0,0,0,0,0,0,0,0,0,0,0,0,0,0
A9_BG_4039.txt,"Украйна призна, че дарените и самолети Ф-16 ще излитат от бази в други държави (България е една от тях)!

Украйна може да държи някои от изтребителите Ф-16, които ще получи от западните си съюзници, в чуждестранни бази, за да ги предпази от руски удари, заяви днес висш украински военен, цитиран от Асошиейтед прес.
Отдавна се говори, че това са натовските бази в Румъния, България и съседна Молдова. С този ход Украйна може да въвлече и тези държави във войната и да ги направи легитимни цели на Русия, за което Путин предупреди.
Белгия, Дания, Нидерландия и Норвегия се ангажираха да предоставят на Украйна над 60 изтребителя Ф-16, произведени в САЩ, за да помогнат на Киев да отблъсне руските атаки. В момента украински пилоти преминават обучение за управление на бойните самолети преди доставките, които се очаква да започнат по-късно тази година.
Според висш представител на украинските военновъздушни сили „определен брой самолети ще бъдат съхранявани в сигурни въздушни бази извън Украйна, така че да не бъдат обект на нападение тук“.
Руският президент Владимир Путин предупреди, че Москва може да обмисли нанасянето на удари по обекти в страни членки на НАТО, ако те приемат на своя територия военните самолети, използвани в Украйна.
През март той отново предупреди западните съюзници на Украйна да не предоставят военновъздушни бази, откъдето Ф-16 биха могли да извършват полети срещу силите на Кремъл. Тези бази ще се превърнат в „легитимна цел“, каза тогава Путин.",0,0,0,0,0,0,0,0,0,0,0,0,0,0,0,0,0,0,0,0,0,0,0,0,0,0,0,0,0,0,0,0,0,0,0,0,0,0,0,0,0,0,0,0,0,0,0,0,1,0,0,0,0,0,0,0,0,0,0,0,0,0,0,0,0,0,0,0,0,0,0,0,0,0,0,0,0,0,0,0,0,1,0,0,0,0,0,0,0,0,0,0,0,0,0,0
A9_BG_4076.txt,"Украйна не получи кредит от 50 милиарда,защото Вашингтон отново се опита да прекара Европа.

Украйна не получи кредит от 50 милиарда,защото Вашингтон отново се опита да прекара Европа.
ЕС не хареса американския план, който предполага изплащането на процентите по многомилиардния заем от Европа, пише Politico. Пояснявам,че по-голямата част от финансите щяха да""остават"" в американския ВПК.
«Вашингтон предлага следното: «САЩ взема кредит,а Европа поема всички рискове и плащания на проценти. След това Щатите използват тези пари за американо-украинския фонд.
Отговорът бе любопитен,защото ЕС не ""легна покорно"",както обикновено: ""Ние, може и да сме глупави,но не чак толкова"",отговориха от дипломатическия корпус на ЕС.
В последното изречение изглежда урсулките признават за всички кретенизми и самоубийствени свои действия досега, в ущърб на Европа и в интерес на Вашингтон.
Съединените щати вече заприличаха на лидер на някаква международна организация, която се защитава от все по-обединените си противници. Превъзходството на ""този лидер"" на световната сцена все повече се оспорва от други центрове на власт, написа The New York Times.
Военната и финансова подкрепа на Украйна нанесе стратегически удар на Съединените щати, тъй като САЩ влязоха в конфронтация с Русия, която е страховита ядрена сила.
Светът не се сплоти около Запада,а напротив.Китай, Иран, Северна Корея, африканските страни и много други се сближиха с Руската федерация и отношението към Москва се подобри значително в Азия, Близкия изток и Латинска Америка през последните няколко години,продължи The New York Times.
Преобладаващата част от държавите заемат неутрална позиция в конфликта,което в повечето случаи е реално срещу САЩ и сателитите му от НАТО.",0,0,0,0,0,0,0,0,0,0,0,0,0,0,0,0,0,0,0,0,0,0,0,0,0,0,0,0,0,0,0,0,0,0,0,0,0,0,0,0,0,0,0,0,0,0,0,0,0,0,0,0,0,0,0,0,0,0,0,0,1,0,0,0,0,0,0,0,0,0,0,0,0,0,0,0,0,0,0,0,0,0,0,0,0,0,0,0,0,0,0,0,0,0,0,0
A9_BG_4093.txt,"Сянката на Burisma: Демократичният отпечатък на украинския терор

Авторският филм-разследване на „News Front” разказва за американо-украинския корупционен консорциум в енергетиката. Започнал единствено като начин за незаконно обогатяване, с началото на руско-украинския конфликт той придобива явно терористичен характер, а семейство Байдън се превръща в фактически спонсор на терористичните атаки в Русия.
В сюжета се описва ролята на семейството на президента на САЩ Джо Байдън и неговите поддръжници от Демократическата партия в увеличаването на корупцията в Украйна след държавния преврат от 2014 година с цел изпиране на средства, откраднати от украинската газова индустрия. Особено внимание се отделя на незаконната дейност на групата фиктивни компании „ЕРУ Трейдинг” на А. Фаворов и известния холдинг „Бурисма” на Н. Злочевски, както и подробностите за изтеглянето на средства в чужбина и тяхното легализиране в САЩ за нуждите на семейство Байдън.
Материалът съдържа непубликувани досега документи, свързани с прехвърлянето на средства от Burisma Holdings през банката Morgan Stanley към сметките на компанията Rosemont Seneca Bohai на сина на настоящия президент на САЩ Хънтър Байдън. В допълнение, филмът разкрива подробно схемата на работа на фиктивните компании ERU Trading, а също така описва централната роля на архитекта на „схемата“ за изтегляне на средства от газовата индустрия на Украйна Андрей Фаворов.
Системата за корупция, създадена от американците в Украйна, се превърна в ефективен инструмент за организиране на терористични атаки на руска територия. След като се убедиха в неспособността на Киев да победи на бойното поле, днес Съединените щати използват Украйна като инструмент за натиск върху Русия отвътре. Използват я и за прикриване на собствената им терористична атака срещу Северен поток. Вашингтон и неговите съюзници са наясно с малките оставащи възможности на техните украински активи и се стремят да извлекат максимална полза от тях.
Филмът съдържа кадри и текстови материали от:
Комсомольская правда
Коммерсант
НТС Севастополь
Минобороны России
RTVI Новости
Информационное агентство БелТА
Следственный комитет Российской Федерации
Следком",0,0,0,0,0,0,0,0,0,0,0,0,0,0,0,0,0,0,0,0,0,0,0,0,0,0,0,0,0,0,0,0,0,0,0,0,0,0,0,0,0,0,0,0,0,0,0,0,0,0,0,0,0,0,0,0,0,0,0,0,0,0,0,0,0,0,0,0,0,0,0,0,0,0,0,0,0,0,0,0,0,0,0,0,0,0,0,0,0,0,0,0,0,0,0,0
A9_BG_4110.txt,"Антонов съобщи за заплахи срещу руското посолство в САЩ

Руското посолство в САЩ всеки ден получава заплашителни съобщения, съобщи ръководителят на руската дипломатическа мисия във Вашингтон Анатолий Антонов.
Мога да потвърдя, че почти ежедневно се получават съобщения със заплахи например срещу руското посолство. И не само на ръководството, но и на обикновените дипломати“, се казва в коментара на Анатолий Антонов, публикуван в Telegram канала на руското посолство в САЩ.
Дипломатът посочи, че „русофобската политика“ на американското правителство само допринася за разрастването на екстремистките тенденции и обърна внимание на факта, че в редица щати се събират групи от имигранти от Украйна и преселници от Русия, които симпатизират на Киев. .
„Някой отглежда, култивира и влива в младите хора отровна пропаганда. Подготвя ги за разгръщане на бойното поле в Източна Европа, а може би и за други гангстерски изцепки. За това се харчат много пари. И едва ли организирането на такива екстремистки клетки остава незабелязано от правоохранителоните органи. Нищо обаче не се прави, въпреки очевидните рискове“, добави той.
Според Антонов терористичната активност в света продължава да расте.
„Това ужасно явление трови живота на гражданите в различни страни и Съединените щати не са изключение“, заключи дипломатът.
Припомняме, че по-рано бившият съветник на министъра на отбраната в администрацията на бившия президент на САЩ Доналд Тръмп, полковникът в оставка Дъглас Макгрегър, заяви, че през последните двадесет години агресивната външна политика вреди на самите Съединени щати.",0,0,0,0,0,0,0,0,0,0,0,0,0,0,0,0,0,0,0,0,0,0,0,0,0,0,0,0,0,0,0,0,0,0,0,0,0,0,0,0,0,0,0,0,0,0,0,0,0,0,0,0,0,0,0,0,0,0,0,0,0,0,0,0,0,0,0,0,0,0,0,0,0,0,0,0,0,0,0,0,0,0,0,0,0,0,0,0,1,0,0,0,0,0,0,0
A9_BG_8427.txt,"Освободените руски затворници поискаха разхлабване на санкциите срещу Русия

Руски опозиционери, освободени при размяната на затворници, призоваха да бъдат отслабени санкциите срещу Русия, предаде Униан.
По време на пресконференция опозиционерът Владимир Кара-Мурза направи критично изказване за западните санкции – по думите му, те често са насочени срещу руската страна като цяло, а не конкретно против режима на Путин. Според него, това е ""несправедливо и контрапродуктивно"".
Друг освободен с усилията на Запада затворник - Андрей Пивоваров – подкрепи идеята за отслабване на санкциите срещу Русия. Според него това е необходимо, за да се опровергае митът, че на Запад ""мразят руснаците"".
Мария Кучеренко – анализатор от Фондация ""Върни се жив"", отбеляза, че руските опозиционери фактически преповтарят тезите на Кремъл: първо ни направете отстъпка, а после ще се види.
Последва категорична реакция от страна на Киев.
„Западните санкции възпират военната машина на Руската федерация. Докато продължава агресията, те не бива да бъдат отслабвани, както предлагат руските така наречени опозиционери.” – заяви началникът на украинската президентска администрация Андрий Ермак.
""Обща цел за всички руснаци би трябвало да бъде освобождаването на Русия от безумния диктатор Путин и неговия режим, а не борбата със санкциите. Санкциите трябва само да бъдат засилвани докато Русия продължава въоръжената си агресия.” – написа той в социалните мрежи.
Санкциите спъват военната машина на режима на Путин и му пречат да убива хора, коментира Ермак.
""Усилване на санкциите до пълно блокиране на руския военно-промишлен комплекс, до невъзможност да печели от експорт на енергоносители и да води тази война. Това е целта. Защото престъпленията на режима само лишават от бъдеще всички руснаци."" – подчерта той.
",0,0,0,0,0,0,0,0,0,0,0,0,0,0,0,0,0,0,0,0,0,0,0,0,0,0,0,0,0,0,0,0,0,0,0,0,0,0,0,0,0,0,0,0,0,0,0,0,0,0,0,0,0,0,0,0,0,0,0,0,0,0,0,0,0,0,0,0,0,0,0,0,0,0,0,0,0,0,0,0,0,0,0,0,0,0,0,0,0,0,0,0,0,0,0,0
BG_1091.txt,"В Сингапур строят най-големия завод за пречистване на морска вода

Подобни проекти по целия свят биха помогнали за намаляване на скоростта на глобалното изменение на климата
Националната агенция по водите на Република Сингапур, заедно с финансирания от UCLA стартъп Equatic, ще изгради най-голямата в света инсталация за отстраняване на въглероден диоксид от океана в Сингапур.
Ако пилотната програма бъде успешно изпълнена, се планира да се реализират подобни проекти по целия свят, което ще помогне за намаляване на скоростта на глобалното изменение на климата, съобщава списание Time.
След като това съоръжение изпълни възложените му задачи, Equatic ще мултиплицира подобни предприятия по целия свят. Заводът в Сингапур ще бъде място за развитие на проекти за изграждане на малки пречиствателни станции от този тип, които вече работят в Сингапур и пристанището на Лос Анджелис. Съоръжението за 20 млн. USD ще бъде построено до 2025 г. и ще може да отстранява до 4000 тона въглероден диоксид от океана годишно.
Съобщено е, че технологията на Equatic се основава на електролиза, която
превръща въглеродния диоксид в твърди вещества.
Солената вода съдържа почти 150 пъти повече въглероден диоксид на единица обем от въздуха. Предполага се, че централата ще пречиства морската вода от въглерод и след това ще я изпомпва обратно във водната зона, като по този начин актуализира способността на световните океани да абсорбират газ от атмосферата.",1,0,0,0,0,0,0,0,0,0,0,0,0,0,0,0,0,0,0,0,0,0,0,0,0,0,0,0,0,0,0,0,0,0,0,0,0,0,0,0,0,0,0,0,0,0,0,0,0,0,0,0,0,0,0,0,0,0,0,0,0,0,0,0,0,0,0,0,0,0,0,0,0,0,0,0,0,0,0,0,0,0,0,0,0,0,0,0,0,0,0,0,0,0,0,0
BG_1146.txt,"АДЪТ СЛИЗА НА ЗЕМЯТА: Очакват екстремни жеги през лятото!

По време на Олимпийските игри в Париж, които трябва да се проведат от 26 юли до 11 август тази година, има висок риск от катастрофални горещини. За подобен сценарий предупредиха учени от Лабораторията по климатични науки и околна среда във Франция. Те споделиха заключенията си в статия, публикувана в списанието Climate and Atmocultural Science.
В публикацията изследователите анализират вероятността от двуседмична гореща вълна, която да надмине рекордната гореща вълна в Париж през 2003 година. Учените посочват, че пикът на сезонния температурен цикъл във френската столица ще се състои едновременно с Олимпийските игри. Това може да бъде придружено от силна гореща вълна, която ще има сериозно въздействие върху околната среда и може да се отрази негативно на човешкото здраве.
Предвид продължаващото глобално затопляне и текущите сценарии за изменение на климата, моделът, използван от учените, показа, че температурният рекорд от 2003 г. може да бъде надвишен с повече от 4°C до 2050 г. Съответно вероятността от рекордна гореща вълна по време на Олимпиадата в Париж, която ще надхвърли всичко, наблюдавано досега, е един шанс на сто, което според френски учени може да се нарече сравнително висока вероятност.",1,0,0,0,0,0,0,0,0,0,0,0,0,0,0,0,0,0,0,0,0,0,0,0,0,0,0,0,0,0,0,0,0,0,0,0,0,0,0,0,0,0,0,0,0,0,0,0,0,0,0,0,0,0,0,0,0,0,0,0,0,0,0,0,0,0,0,0,0,0,0,0,0,0,0,0,0,0,0,0,0,0,0,0,0,0,0,0,0,0,0,0,0,0,0,0
BG_1169.txt,"Нова ледникова епоха чука на вратата

Атлантическите океански течения са пред колапс
Учени от университета в Утрехт, Нидерландия, откриват предупредителни признаци, показващи възможността за „глобално замръзване“ през следващите години. Изследователите предупреждават, че системата на океанските течения, известна още като Атлантическата меридионална циркулация (AMOC), е на ръба на колапс, което може да доведе до радикални промени в климата по света.
AMOC е гигантска океанска конвейерна лента, която транспортира топла вода през планетата, регулира глобалните температури и осигурява благоприятни условия за живот на Земята. Ново изследване обаче показа, че AMOC отслабва и загубата му може да доведе до
спад на температурите в Европа, Северна Америка и части от Азия.
Учените са използвали минали данни и компютърни модели, за да създадат системата за ранно предупреждение AMOC. Въпреки че точната дата на колапса все още не е известна, изследователите изтъкват, че повратната точка може да настъпи през следващите години. Водещият автор на изследването Рене ван Вестен признава, че
скоростта на промяната в системата AMOC е изненадала много изследователите и че тази промяна може да има опустошителни последици.
AMOC също помага за смекчаване на ефектите от глобалното затопляне чрез транспортиране на топлина и хранителни вещества до Арктическия кръг, където те се установяват и охлаждат. Загубата на AMOC може да намали този смекчаващ ефект и да увеличи глобалното затопляне. Климатичните промени вече се усещат по целия свят, но евентуален колапс на AMOC може да влоши ситуацията.
Метеорологичната служба също отбелязва, че AMOC отслабва поради нарастващите емисии на парникови газове, но мащабна промяна в системата се счита за малко вероятна. Новото изследване обаче потвърждава, че наблюдаваните преди това бързи промени в AMOC могат да се появят отново и изискват специално внимание.",1,0,0,0,0,0,0,0,0,0,0,0,0,0,0,0,0,0,0,0,0,0,0,0,0,0,0,0,0,0,0,0,0,0,0,0,0,0,0,0,0,0,0,0,0,0,0,0,0,0,0,0,0,0,0,0,0,0,0,0,0,0,0,0,0,0,0,0,0,0,0,0,0,0,0,0,0,0,0,0,0,0,0,0,0,0,0,0,0,0,0,0,0,0,0,0
BG_1178.txt,"Пъкълът на Земята: На тези три места всичко живо ще бъде изпечено от жегата тази година

Основната причина за невероятните горещини се нарича Ел Ниньо, което допринася за повишаването на морската температура
Климатичната криза покри Земята с невероятни вълни от топлина, суша и горски пожари. В резултат на това 2023 година беше официално призната за най-горещата в цялата история на наблюденията.
Експерти от Китайската академия на метеорологичните науки са съставили ужасяващи карти, показващи трите области, които е най-вероятно да бъдат засегнати от рекордни горещини тази година.
Основната причина за невероятните горещини се нарича Ел Ниньо, което допринася за повишаването на морската температура, наблюдавано през последните няколко години.
Резултатите от проучването показват, че Бенгалският залив, Филипините и Карибско море вероятно ще изпитат рекордни горещини до юни тази година. За съжаление, това не означава, че хората, живеещи в други части на планетата, ще бъдат в безопасност.
Екипът също е установил, че има 90% шанс през същия период да настъпи рекордна глобална средна повърхностна температура. Един от ключовите фактори за климатичните разлики по света се нарича Ел Ниньо, който променя времето по света и оказва още по-голям натиск върху климатичната система на Земята и повишава нейната средна глобална температура.
Авторите на изследването заключават, че този ефект всъщност е толкова изразен, че е „най-силният фактор, определящ годишното изменение на климата на Земята“.
В своята работа учените са се опитали да разберат как Ел Ниньо влияе на местните температурни скокове: за това те са създали модел, способен да оцени колко горещи ще станат определени райони през годината на Ел Ниньо.
Този модел разкрива разликата между средните регионални температури между юли 2023 г. и юни 2024 г. и базовата линия от 1951-1980 г. Резултатите показват, че при умерен сценарий температурите в Бенгалския залив, Филипините и Карибите ще бъдат рекордно високи, с повече от 1°C над средните.
Ужасяващи карти разкриха районите, които е най-вероятно да бъдат изпепелени от рекордни горещини тази година благодарение на Ел Ниньо.
В случай на най-песимистичния сценарий, последствията ще бъдат още по-изразени. Районите на Аляска, Амазонка и Южнокитайско море също ще поставят рекордни температури, с пикове с 2,4°C над средното за Аляска.
Моделът също така прогнозира, че дори при умерен сценарий, с 90% вероятност, средната повърхностна температура ще счупи историческия рекорд през 2023 г.: при умерен Ел Ниньо температурата GSMT ще бъде с 1,03-1,10°C над средната; по време на силен Ел Ниньо температурата ще се повиши с 1,06-1,20°C над средната.
Екипът също предполага, че светът може да е изложен на по-голям риск от екстремни метеорологични явления тази година. В Аляска, например, има риск от топене на ледници и вечна замръзналост, което ще доведе до покачване на моретата и потенциално извън контрол затопляне.
В същото време ще има повишен риск от екстремни горски пожари в Амазонка. Учените също се опасяват, че целогодишните горещи вълни ще станат по-интензивни и опасни, излагайки повече хора на риск, пише Глас нюз бг.

",1,0,0,0,0,0,0,0,0,0,0,0,0,0,0,0,0,0,0,0,0,0,0,0,0,0,0,0,0,0,0,0,0,0,0,0,0,0,0,0,0,0,0,0,0,0,0,0,0,0,0,0,0,0,0,0,0,0,0,0,0,0,0,0,0,0,0,0,0,0,0,0,0,0,0,0,0,0,0,0,0,0,0,0,0,0,0,0,0,0,0,0,0,0,0,0
BG_125.txt,"""Безкрайните"" дъждове в Обединеното кралство са 10 пъти по-чести, заради промяната на климата

Повече от дузина бури връхлетяха региона в бърза последователност между октомври и март
Проучване показва, че вероятността от ""безкраен"" дъжд в Обединеното кралство е 10 пъти по-голяма заради климатичната криза
Много британски издания съобщават за нов анализ на мрежата от учени World Weather Attribution, според който привидно ""безкрайният"" дъжд тази зима в Обединеното кралство и Ирландия е станал 10 пъти по-вероятен и с 20 % по-влажен в резултат на предизвиканите от човека климатични промени.
В ""Гардиън"" се казва: ""Повече от дузина бури връхлетяха региона в бърза последователност между октомври и март, което беше вторият най-влажен период от близо два века насам.
Валежите доведоха до тежки наводнения, най-малко 20 смъртни случая, сериозни щети по домовете и инфраструктурата, прекъсване на електрозахранването, отмяна на пътувания и големи загуби на реколта и добитък.""
В анализа се споменава още, че нивото на дъждовете, причинени от бурите, би се случило само веднъж на 50 години, ако не е имало климатични промени, но сега се очаква на всеки пет години поради повишението на температурата на Земята с 1,2 С, според ""Гардиън"".
В доклада се добавя: ""Ако изгарянето на изкопаеми горива не бъде бързо намалено и глобалната температура достигне 2C през следващите едно-две десетилетия, такова тежко влажно време ще се случва средно на всеки три години, показва анализът.""
Daily Telegraph отбелязва, че зимите в Обединеното кралство ще станат ""по-плесенясали"" поради увеличените валежи, предизвикани от изменението на климата.",1,0,0,0,0,0,0,0,0,0,0,0,0,0,0,0,0,0,0,0,0,0,0,0,0,0,0,0,0,0,0,0,0,0,0,0,0,0,0,0,0,0,0,0,0,0,0,0,0,0,0,0,0,0,0,0,0,0,0,0,0,0,0,0,0,0,0,0,0,0,0,0,0,0,0,0,0,0,0,0,0,0,0,0,0,0,0,0,0,0,0,0,0,0,0,0
BG_1378.txt,"Над 780 милиона души гладуват

783 милиона души по света страдат от хроничен глад, а на много места продоволствените кризи се задълбочават. Същевременно човечеството е изхвърлило 19 на сто, или 1,13 милиарда тона, от храната, произведена през 2022 г., обяви Организацията на обединените нации в специален доклад.
Документът, изготвен от Програмата на ООН за околната среда, проследява напредъка на страните по света за постигане на целта до края на това десетилетие изхвърлянето на храна да намалее наполовина.
Броят на държавите, които съобщават информация за индекса, се е удвоил спрямо първия доклад от 2021 г. По негови данни 17% от храната, произведена през 2019 г., е била изхвърлена. Това се равнява на 1,03 млрд. тона храна. Авторите обаче предупреждават да не се правят преки сравнения, тъй като от много страни няма достатъчно данни.
Всеки човек изхвърля годишно около 79 кг храна, което се равнява на поне 1 милиард изхвърлени ястия дневно в света.
По-голямата част от отпадъците (60%) са от домакинствата. Около 28 на сто от тях са от заведенията за хранене или ресторантите, а приблизително 12 процента - от търговците на дребно.
""Това е пародия"", коментира съавторката на доклада Клемънтайн О'Конър, координатор по въпросите на разхищението на храни в Програмата на ООН за околната среда. ""Проблемът е сложен, но чрез сътрудничество и системни действия той може да бъде решен"", изрази увереност тя.
На разхитената храна се пада дял от 8 до 10% от глобалните емисии на парникови газове. Ако беше държава, щеше да се нареди на трето място след Китай и САЩ.",1,0,0,0,0,0,0,0,0,0,0,0,0,0,0,0,0,0,0,0,0,0,0,0,0,0,0,0,0,0,0,0,0,0,0,0,0,0,0,0,0,0,0,0,0,0,0,0,0,0,0,0,0,0,0,0,0,0,0,0,0,0,0,0,0,0,0,0,0,0,0,0,0,0,0,0,0,0,0,0,0,0,0,0,0,0,0,0,0,0,0,0,0,0,0,0
BG_1455.txt,"""Наближаваме повратна точка"": Открит е маркер за колапса на ключово атлантическо течение

Атлантическа меридианна преобръщаща циркулация (Atlantic meridional overturning circulation - AMOC) е важен океански поток, който пренася топла вода на север от Южното полукълбо, където тя отделя топлина и замръзва. Процесът на замръзване концентрира сол в незамръзналата част на океанската вода. Тази солена вода потъва, връща се на юг и отново поема топлина, като отново стартира конвейера.
Това отделяне на топлина спомага за запазването на Европа и донякъде на Северна Америка по-баластни, отколкото биха били в противен случай. Но данните за седиментите през последните 100 000 години показват, че понякога AMOC е спирал рязко, което е водело до големи климатични промени за десетилетия.
Учените вярват, че може да се обърнем към този сценарий отново - потенциално още през 2025 г. - в резултат на изменението на климата. Досега обаче изследователите нямаха данни да кажат дали течението е на път към една от тези повратни точки.
В ново проучване, публикувано днес (9 февруари) в списанието Science Advances, учените откриха, че потокът от прясна вода в Атлантическия океан на географска ширина 34 градуса на юг (географската ширина, на която се намира Южна Африка) може да показва ключово предупреждение, знак за предстоящ колапс на AMOC. Екипът установява, че около 25 години преди AMOC да рухне, този поток достига минимум.
Учените нямат достатъчно дълъг запис на наблюдения на потока, за да предскажат колко далеч е AMOC от критичната точка в момента. Те обаче знаят, че този поток намалява.
„Ние се приближаваме до повратната точка, но не можем да определим разстоянието до нея“, казва първият автор на изследването Рене Вестен, докторант по морски и атмосферни науки в университета в Утрехт.
Тъй като издигането и потъването на AMOC зависи от солеността на водата, тази циркулация е много чувствителна към притока на прясна вода, казва Вестен. Тъй като климатът се затопля и моделите на валежите се променят, моделите на сладководния поток в океана също се променят.
Трудно е обаче да се предскажат резултатите и намирането на повратната точка на AMOC изисква симулиране на постепенно увеличаване на потока от сладка вода в северния Атлантик за повече от 2000 години, казва Вестен. Това е дълъг и скъп от изчислителна гледна точка процес.
Изследователите са моделирали това постепенно увеличаване на сладката вода, използвайки най-съвременни климатични модели. Те открили дълга отрицателна тенденция в потока на сладка вода на 34 градуса на юг - южната граница на Атлантическия океан - достигайки минимум около 25 години преди AMOC да рухне.
Минимумът не е обвързан с конкретна стойност на солеността, така че изследователите не са сигурни как тези условия се сравняват с днешните. Колапсът на AMOC е довел до пълна липса на циркулация и загуба на около 75% от пренасянето на топлина от юг на север.
Ако AMOC се разпадне в близко бъдеще, последствията ще бъдат ужасни. Без AMOC северното полукълбо ще стане по-студено, а южното ще стане по-топло, макар и в по-малка степен. Ефектите варират в зависимост от региона, но Европа ще бъде силно засегната, каза Вестен, охлаждайки между 5 до 10 градуса по Целзий в рамките на един век. Това е огромна промяна, дори в сравнение със сегашното ниво на изменение на климата, което вече оказва влияние.
„Средно глобалният климат се затопля с около 0,2 градуса C на десетилетие“, каза Вестен.
Колапсът на AMOC също би довел до промени във валежите по целия свят. Например, влажните и сухите сезони в тропическите гори на Амазонка ще разменят местата си, което ще доведе до големи екологични въздействия, пишат изследователите в статията.
„Ние знаем, че при изменението на климата този AMOC постепенно ще отслабне и този сладководен параметър ще стане отрицателен, така че ще дестабилизира AMOC допълнително“, казва Вестен. Посланието, добавя той, е, че необходимостта от спиране на изменението на климата е спешна.",1,0,0,0,0,0,0,0,0,0,0,0,0,0,0,0,0,0,0,0,0,0,0,0,0,0,0,0,0,0,0,0,0,0,0,0,0,0,0,0,0,0,0,0,0,0,0,0,0,0,0,0,0,0,0,0,0,0,0,0,0,0,0,0,0,0,0,0,0,0,0,0,0,0,0,0,0,0,0,0,0,0,0,0,0,0,0,0,0,0,0,0,0,0,0,0
BG_1856.txt,"САЩ се насочват към азотния оксид в нов етап от борбата с климатичните промени

Кабинетът на американския президент Джо Байдън обяви, че ще се стреми да ограничи емисиите на мощни промишлени парникови газове като азотен оксид в САЩ. Така Вашингтон навлиза в нова фаза на националната си стратегия за борба с изменението на климата съгласно Парижкото споразумение, предава Ройтерс.
Акцентът върху промишлените газове следва мерките на САЩ за намаляване на емисиите на метан, които доведоха до международна кампания за принуждаване на други държави да направят големи съкращения.
Подобно на метана, азотният оксид е с по-кратък живот, но мощен двигател на глобалното затопляне. От администрацията на Байдън се надяват, че насочването към него ще донесе бързи и евтини ползи в борбата с изменението на климата.
„Повечето от дискусиите за изменението на климата се фокусират върху въглеродния диоксид, но суперзамърсители като метан и азотен оксид причиняват половината от климатичните промени, с които се сблъскваме днес“, заяви Джон Подеста, старши съветник на президента по международната политика в областта на климата.
Емисиите на азотен оксид идват от различни източници, включително производството на някои торове и синтетични материали като найлон.
От Държавния департамент посочват пред Ройтерс, че намаляването на емисиите на азотен оксид чрез проекти, реализирани на доброволния пазар за компенсиране на въглеродни емисии, може да струва само 10 долара на метричен тон.
Миналата година САЩ и Китай се споразумяха да включат ангажимент за намаляване на всички невъглеродни парникови газове в новите си национални планове за опазване на околната среда в рамките на Парижкото споразумение за климата, които трябва да бъдат представени на ООН през следващата година.",1,0,0,0,0,0,0,0,0,0,0,0,0,0,0,0,0,0,0,0,0,0,0,0,0,0,0,0,0,0,0,0,0,0,0,0,0,0,0,0,0,0,0,0,0,0,0,0,0,0,0,0,0,0,0,0,0,0,0,0,0,0,0,0,0,0,0,0,0,0,0,0,0,0,0,0,0,0,0,0,0,0,0,0,0,0,0,0,0,0,0,0,0,0,0,0
BG_212.txt,"ООН предупреждава: Светът е на ръба на климатична пропаст 

Светът е на ръба на климатична пропаст, предупреди ООН. Реакцията на световната организация дойде в отговор на проучване на британското издание ""Гардиън"", в което водещи климатични експерти обявиха, че очакват глобалното затопляне да бъде доста по-голямо от международната цел то да бъде ограничено до 1,5 градуса по Целзий.
Проучването обхваща близо 400 автори на научни доклади за Междуправителствения панел по изменение на климата. 80 процента от тях очакват увеличение на температурите с поне 2,5 градуса спрямо прединдустриалната епоха. Това би означавало катастрофално ниво на затопляне, уточнява ""Гардиън"".
Много от специалистите очакват бъдеще, в което има глад, конфликти и масова миграция, причинени от топлинни вълни, горски пожари, наводнения и бури с интензитет и честота много по-големи от това, на което сме ставали свидетели.
Според мнозинството от учените най-голямата пречка пред прилагането на действия за ограничаване на глобалното затопляне е липсата на политическа воля, отбелязва БНТ.
""Политическите и индустриалните лидери трябва да осъзнаят, че сме на ръба на пропастта. Науката е ясна и залогът за цялото човечество не би могъл да е по-висок"", подчерта в тази връзка говорител на генералният секретар на ООН Антонио Гутериш.",1,0,0,0,0,0,0,0,0,0,0,0,0,0,0,0,0,0,0,0,0,0,0,0,0,0,0,0,0,0,0,0,0,0,0,0,0,0,0,0,0,0,0,0,0,0,0,0,0,0,0,0,0,0,0,0,0,0,0,0,0,0,0,0,0,0,0,0,0,0,0,0,0,0,0,0,0,0,0,0,0,0,0,0,0,0,0,0,0,0,0,0,0,0,0,0
BG_245.txt,"Глад, мор, катаклизми и свръхмиграция: Светът ще се затопли фатално, учените - отчаяни

Стотици световни учени, изследващи климатичните промени, очакват, че глобалните температури ще задминат тавана от 1,5 градуса по Целзий и по-скоро ще достигнат до 2,5 градуса в сравнение с пред-индустриалната епоха, пишат от британския „Гардиън“, цитиран от БиТиВи.
Това ще доведе до катастрофални последици за човечеството и планетата ни.
Почти 80% от участниците в проучването на Intergovernmental Panel on Climate Change са посочили, че ще задминем границата на затопляне. Повече от половината очакват температури с най-малко 3 градуса по Целзий. Едва 6% пък са посочили, че ще успеем да спрем до 1,5 градуса.
Повечето от участниците в прочуването прогнозират антиутопично бъдеще за планетата ни, която ще стане място на постоянен глад, конфликти и масова миграция, причинени от постоянните топлинни вълни, пожари и наводнения. Много експерти посочват, че се чувстват отчаяни и ядосани от нежеланието на световните правителства да работят в посока охлаждане на климата.
„В следващите пет години ни очаква сериозно нарушение на обществата в глобален мащаб“, смята Грета Пекл от университета в Тасмания. „Властите ще бъдат натоварени със справянето със екстремното време и липсата на храна. Изключително отчаяна съм“, допълва тя.
„Глобалните климатични промени няма изведнъж да станат опасни, когато достигнем 1,5 градуса затопляне. Те вече са опасни“, допълва Питър Кокс от университета в Екзитър.
Климатичните промени вече влияят изключително негативно на планетата ни. За момента затоплянето е 1,2 градуса по Целзий. Експертите са категорични, че светът трябва да се подготви как да се предпази от предстоящите климатични катаклизми.
",1,1,1,0,0,0,0,0,0,0,0,0,0,0,0,0,0,0,0,0,0,0,0,0,0,0,0,0,0,0,0,0,0,0,0,0,0,0,0,0,0,0,0,0,0,0,0,0,0,0,0,0,0,0,0,0,0,0,0,0,0,0,0,0,0,0,0,0,0,0,0,0,0,0,0,0,0,0,0,0,0,0,0,0,0,0,0,0,0,0,0,0,0,0,0,0
BG_277.txt,"Шокиращо от Бил Гейтс: До 2 години ще ви храня с вкусни хими...

Шокиращо от Бил Гейтс: До 2 години ще ви храня с вкусни химически масла
Ще забравим за млякото и маслото
Милиардерът Бил Гейтс, който е един от най-големите апологети за спасяването на света от т. нар. климатични промени, се похвали в своя блог „Гейтсноутс“, че екип от специалисти, наети от него, е успял да изнамери химически заместител на маслото от мляко и на животинските мазнини като цяло. Новото изкуствено масло е толкова богато на вкус, че никой не би могъл да разпознае, че то не е направено от истинско мляко, а получените по лабораторен път мазнини, притежават всички онези сочност и топимост в устата, характерни за животинските, обяви г-н Гейтс.
Опити да се получат изкуствени заместители на традиционните масла и мазнини, получени от животински продукти, са правени и преди. Резултатът от тях обаче е виден по витрините на всички хранителни магазини, включително и в България. Цената им е изключително висока, те са не просто безвкусни, често дори са неприятни за ядене.
Поради огромния административен натиск от Брюксел и десетките непеота, финансирани по линия на Давос, съпроводен и с възможности да се получава изгодно финансиране, големите хранителни вериги започнаха да отделят все повече пространства за растителни млека и храни, измествайки от интериора обичайните.
Част от известните български млекопроизводители също се насочиха към производството им в промишлени количества. Но това са продуктите, които се застояват най-дълго. Цените им са нетърпими. Никой не ги купува, освен известен брой инфлуенсъри, вегетарианци, вегани и най-пламенните последователи на либерал-глобализма, пише ""Флагман"".
„Нашият план да намерим са нови начини за получаване на същите мастни молекули, намиращи се в животинските продукти, но без емисиите отделяни парникови газове и без животните да страдат. Целта ни е те да са достъпни за всеки“, обяснява милиардерът.
Сега обаче Бил Гейтс разкрива, че неговата фирма „Сейвър“ е успяла да постигне по химически път съставки, неразличими от животинските. „Специалистите от фирмата тръгнаха от факта, че всички мазнини се получават от различни вериги от въглеродни и водородни атоми. След това се заеха да направят същите въглеродни и водородни вериги, но без да включват животни или растения. В крайна сметка те разработиха процес, който включва вземане на въглероден диоксид от въздуха и водород от водата, нагряването им, окисляването им, за да се предизвика отделянето на мастни киселини и след това да се получи мазнина. Резултатът е истински мастни молекули като тези, които получаваме от мляко, сирене, телешко и растителни масла. Процесът не отделя никакви парникови газове, не използва земеделска земя, а ползва по-малко от една хилядна от водата, отколкото традиционното земеделие. И най-важното е, че има наистина добър вкус, като истински, въпреки, че е получен по химически път“, обяснява филантропът.
Следващата цел е производственият процес е да се изнамери механизъм, според който производствените разходи да бъдат такива, че крайната цена в магазина да е равна или по-ниска от тази на животинските мазнини, за да се накарат хората да купуват само химическите. Гейтс изчислява, че това ще се постигне в рамките на следващите две-три години. Той публикува и видео, на което главната техноложка на „Сейвър“ Катлийн Александър демонстрира новите масла и мазнини, а Бил Гейтс оценява техните вкусови качества. Заключението му е, че са адски вкусни.
В последните години Гейтс работи по няколко направления за спасяване на планетата. Той инвестира във фирми като „Сейвър“, на които възлага да изнамират химически заместители на всички традиционни видове меса, за да се пристъпи към поетапно ограничаване на животновъдството, което либерал-глобалистите сочат като основен източник на парникови газове. Изкупува огромни площи обработваема земя, за да се отглежда върху нея насаждения, които не допринасят за „глобалното затопляне“.
В същото време Бил Гейтс насочва милиардите си и към заводи (основно в Индия), в които ще се произвеждат масово ваксини срещу бъдещи световни пандемии. Не на последно място той е създал и фирми, които да разработват специален слънчев щит – вещество, подобно на облак, което ще може да бъде изпускано в атмосферата и ще прикрива Земята от слънчевите лъчи.
",0,0,0,0,0,0,0,0,0,0,0,0,0,0,0,0,0,0,0,0,0,0,0,0,0,0,0,0,0,0,0,0,0,0,0,0,0,0,0,1,0,0,0,0,0,0,0,0,0,0,0,0,0,0,0,0,0,0,0,0,0,0,0,0,0,0,0,0,0,0,0,0,0,0,0,0,0,0,0,0,0,0,0,0,0,0,0,0,0,0,0,0,0,0,0,0
BG_63.txt,"Нещо страшно и невиждано се задава до дни, ще има разрушения

Океанската топлина в тропическите части на Атлантическия океан и Карибско море създава повече енергия за подхранване на по-силни бури
Сезонът на ураганите в северната част на Атлантическия океан, който започва на 1 юни, се очаква да бъде ""извънреден"".
Очакват се до 7 бури от категория 3 или по-висока, съобщи базираната в Мериленд американска метеорологична агенция NOAA, цитирана от БГНЕС.
Ураганите от категория 3 развиват скорост на вятъра над 178 километра в час и нанасят опустошителни щети на къщи, изкореняват дървета и често прекъсват електроснабдяването и водоснабдяването за дни и дори седмици.
""Този сезон се очертава да бъде необичаен в много отношения"", каза Рик Спинрад от Националната океанска и атмосферна администрация, който посочи като причина за очакваното увеличаване на броя на бурите топлите температури на Атлантическия океан и условията, свързани с метеорологичното явление Ла Нина в Тихия океан.
Той заяви, че причинените от човека климатични промени водят до затопляне на океаните и топене на ледовете на сушата, което води до повишаване на морското равнище, което влошава бурните вълни.
""Прогнозата за именувани бури - урагани и големи урагани - е най-високата, която NOAA някога е издавала за прогнозата за май"", каза Спинрад. ""Необходима е само една буря, за да опустоши дадена общност.""
Според агенцията общо между 17 и 25 именувани бури могат да се развият с ветрове със скорост над 39 мили в час, включително осем до 13, за които се прогнозира, че ще достигнат силата на ураган.
""Разбира се, това е причина за безпокойство, но не и за тревога"", заяви директорът на Националната метеорологична служба Кен Греъм, като призова американците да се подготвят за потенциалното пристигане на бурята.
Скалата на Сафир-Симпсън определя ураганите от категория 1 като урагани със скорост на вятъра най-малко 74 мили в час, до урагани от категория 5 с ветрове със скорост 157 мили в час или повече.
Сезонът на ураганите в Северния Атлантик продължава от началото на юни до края на ноември.
Океанската топлина в тропическите части на Атлантическия океан и Карибско море създава повече енергия за подхранване на по-силни бури, които могат да бъдат опустошителни както в човешки, така и в материален план, особено в южната част на САЩ.
Ураганът Йен, който удари Флорида през септември 2022 г., причини 152 смъртни случая и загуби на стойност 112,9 млрд. долара.
Учените предупреждават за изключително натрупване на топлина в Атлантическия океан през последните месеци - състояние, което също е вредно за коралите.
Ла Нина в Тихия океан обикновено подхранва по-интензивен сезон на ураганите в Атлантическия океан, а шансът за формиране на Ла Нина между август и октомври е около 77%, казва Спинрад.
Противоположното метеорологично явление Ел Ниньо се прояви миналата година и имаше тенденция да смекчава активността на ураганите в Северния Атлантик.
Астрид Калдас, старши климатолог в Съюза на загрижените учени, заяви, че крайбрежните общности трябва да бъдат нащрек.
""Изпълненият със забавления летен сезон все повече се превръща във време на страх от опасностите, които ни очакват"", каза тя. ""Ограничаването на задържащите топлината емисии, които са причина за климатичната криза, е от съществено значение.""
",1,0,0,0,0,0,0,0,0,0,0,0,0,0,0,0,0,0,0,0,0,0,0,0,0,0,0,0,0,0,0,0,0,0,0,0,0,0,0,0,0,0,0,0,0,0,0,0,0,0,0,0,0,0,0,0,0,0,0,0,0,0,0,0,0,0,0,0,0,0,0,0,0,0,0,0,0,0,0,0,0,0,0,0,0,0,0,0,0,0,0,0,0,0,0,0
BG_73.txt,"Гутериш призова за спешни действия за спиране ""климатичния ад""

Светът отбеляза поредица от рекордни температури през всеки от последните 12 месеца
Всеки от последните 12 месеца се класира като най-топлия в историята, съобщи Службата за мониторинг на изменението на климата на ЕС ""Коперник"" в сряда, докато генералният секретар на ООН Антониу Гутериш призова за спешни действия за предотвратяване на ""климатичния ад"".
Средната глобална температура за 12-месечния период до края на май е била с 1,63 градуса по Целзий над средната от прединдустриалната епоха, което го прави най-топлият подобен период от началото на воденето на тази статистика през 1940 г., според Службата за изменение на климата ""Коперник"".
Тази средна стойност за 12 месеца не означава, че светът все още е надхвърлил прага на глобалното затопляне от 1,5°C, който описва средна температура за десетилетия, отвъд която учените предупреждават за по-екстремни и необратими въздействия.
В отделен доклад Световната метеорологична организация (WMO) на ООН пък каза, че вече има шанс от 80% поне една от следващите пет години да отбележи първата календарна година със средна температура, която временно надвишава с 1,5°C прединдустриалните нива. Това представлява сериозно увеличени спрямо оценения през миналата година на 66% шанс това да се случи.
Говорейки по отношение на констатациите, генералният секретар на ООН Антониу Гутериш подчерта колко бързо светът се движи в грешната посока и се отдалечава от стабилизирането на своята климатична система.
""През 2015 г. шансът за това беше почти нулев“, каза Гутериш в реч по случай Световния ден на околната среда.
Освен това той критикува, че взимащите решения в глобален план ""играят на руска рулетка с нашата планета"".
Той призова за намаляване с 30% на глобалното производство и употреба на изкопаеми горива до 2030 г.
""Нуждаем се от изходна рампа от магистралата към ""климатичния ад"". Битката за 1,5 градуса по Целзий ще бъде спечелена или загубена през настоящото десетилетие"", посочи шефът на ООН.
В тази връзка Антониу Гутериш призова страните по света да предприемат действия за забрана на рекламата на компании за изкопаеми горива.
В речта си в Ню Йорк за състоянието на климата Гутериш подчерта, че глобалните медии, компаниите и правителствата са отговорни за спиране на фирмите за изкопаеми горива да запазят значимостта си в ежедневието.
""Изкопаемите горива не само тровят нашата планета; те са токсични за вашата марка"", каза той.
""Призовавам лидерите в индустрията за изкопаеми горива да разберат, че ако не сте в бързата лента за преобразуване на чиста енергия, вие вкарвате бизнеса си в задънена улица, като взимате и всички нас със себе си"".",1,0,0,0,0,0,0,0,0,0,0,0,0,0,0,0,0,0,0,0,0,0,0,0,0,0,0,0,0,0,0,0,0,0,0,0,0,0,0,0,0,0,0,0,0,0,0,0,0,0,0,0,0,0,0,0,0,0,0,0,0,0,0,0,0,0,0,0,0,0,0,0,0,0,0,0,0,0,0,0,0,0,0,0,0,0,0,0,0,0,0,0,0,0,0,0
BG_877.txt,"Урсула фон дер Лайен заговори за удължаване живота на ядрените централи

Удължаването на живота на съществуващите атомни електроцентрали може да помогне за постигане на целите, свързани с изменението на климата, заяви председателят на Европейската комисия Урсула фон дер Лайен на Среща на върха за ядрената енергия в Брюксел.
„Разширяването на безопасната експлоатация на днешните ядрени електроцентрали е един от най-евтините начини за осигуряване на чиста енергия. Това може да помогне за проправянето на рентабилен път към постигането на нетна нула (намаляване на емисиите на парникови газове възможно най-близо до нула във веригите на стойността)"", каза Фон дер Лайен. Тя добави, че ядрените технологии са изправени пред предизвикателства, включително осигуряване на финансиране, а последните проекти са надхвърлили бюджета и са изостанали от графика.
Според нея ядрената енергетика се нуждае от подкрепата на европейските правителства, за да се гарантира, че е налично финансиране и приносът на ядрената енергетика за сигурността на електроенергията е правилно оценен и възнаграден.
Фон дер Лайен посочи още, че ядрената енергия може да осигури „надеждна котва” за цените на електроенергията, да намали зависимостта на Европейския съюз от руската енергия, както и да помогне за прехода от изкопаеми горива.",0,0,0,0,0,0,0,0,0,0,0,0,0,0,0,0,0,0,0,0,0,0,0,0,0,0,0,0,0,0,0,0,0,0,0,0,0,0,0,0,0,0,0,0,0,0,0,0,0,0,0,0,0,0,0,0,0,0,0,0,0,0,0,0,0,0,0,0,0,0,0,0,0,0,0,0,0,0,0,0,0,0,0,0,0,0,0,0,0,0,0,0,0,0,0,0
BG_909.txt,"ПОРЕДНАТА СТЪПКА КЪМ НОВИЯ ФЕОДАЛИЗЪМ - В БРЮКСЕЛ ОБМИСЛЯТ ЗАДЪЛЖИТЕЛНО БРАКУВАНЕ НА АВТОМОБИЛИТЕ НА НАД 15 ГОД.

Застаряващият автомобилен парк на ЕС стана причина Европейската комисия да предложи мерки за намаляване на експлоатационния живот на автомобилите. Новият регламент, предложен от Комисията и очакващ одобрение от Европейския парламент и Съвета, въвежда концепцията за „остатъчно превозно средство“. Това са автомобилите на над 15 години.
Затова се предвижда да се въведе забрана за ремонта и продажбата на такива коли и собствениците им да бъдат задължени да ги бракуват.
Както се досещате, това в огромна степен се отнася за България. Средната възраст на автомобилния парк у нас е около 20 год.
Новите коли поскъпнаха неимоверно само за последните 4 години (уж защото по време на ковид кризата нямало чипове). Базовата чисто нова Kia ceed в средата на 2019 година (когато излезе актуалния, произвеждан и днес модел) струваше 28000 лева, а сега струва 42000. Същото е и при другите марки.Dacia Duster в 2017 струваше 20000 лева, сега базата е 35000.
Разбира се, смешно е да вярваме, че има някаква свободна конкуренция. Тогава, в 2020, Peugeot първи надуха цените и после ги последваха и останалите.
Както и във всички останали сфери на индустрията, и тук има картелни споразумения, а не някаква свободна конкуренция.
Когато започнаха да поскъпват новите автомобили, джамбазите на момента вдигнаха цените на старите до небето. Затова днес в mobile.bg можете да видите такива комедии - например Citroen(!!!) на 4-5 години и на незнайно колко километри и катастрофи се продава горе долу на цената, на която собственикът му го е купил чисто нов от магазина.
И какво излиза - масата българи (защото реалната чиста средна заплата извън София не е повече от 1500 лева) няма да могат да си купят нито нова, нито стара кола, а ще бъдат принудени да бракуват старите си коли си и да останат без личен транспорт.
Лакърдиите на управляващите за вдигането на доходите са ясни, обаче се вдигат и цените. Защото и новите и старите автомобили продължават да поскъпват и в 2024 год.
Към това трябва да добавим и постоянно растящите цени на горивата и увеличаващите се застраховки.
Една лесна сметка - за да кара дори нова Dacia Sandero (27000 лв.базова цена- нак-евтината нова кола на пазара), нашенецът трябва да плати към 7000 лева първоначално, после лизинг 350-360 лв. плюс около 150 лв. данъци и застраховки всеки месец - общо 500 и нагоре. И на всичкото отгоре ще има накрая на лизинга да изплати и т.нар. ""остатъчна стойност"" - още към 3000 лв. Да не говорим, че Sandero много трудно може да се впише в понятието семеен автомобил. Ако искате нещо по-добро, всичко се умножава поне по 2!
Ерго - не са много българите, които ще могат да си позволят дори и компромиси като Sandero.
Излиза, че господарите просто искат да ни лишат от поредната форма на свобода - личния транспорт. След множеството решения за налагане на всякакви цензури, вече няма да можем и да пътуваме свободно. Това ще остане приоритет само на богатите.
Всичките ала-бала за еко, меко и климатични промени, разбира се, са пак съвсем празни приказки, криещи цялостната задача на новите малтусианци за мачкане и намаляване на човешката популация.
Защото описаното в този пост не се отнася само за България и ако не направим нещо, ако не се разбунтуваме и да върнем света към нормалност все повече ще се превръщаме в крепостни селяни, безполови, безрасови, бездетни, безродни, безбожни и безмозъчни крепостни селяни, каквато всъщност е и генералната цел на управляващите света сатанисти и тяхното “голямо зануляване”.
",0,0,0,0,0,0,0,0,0,0,0,0,0,0,0,0,0,0,0,1,0,0,0,0,0,0,0,0,0,0,0,0,0,0,0,0,0,0,0,0,0,0,0,0,0,0,0,0,0,0,0,0,0,0,0,0,0,0,0,0,0,0,0,0,0,0,0,0,0,0,0,0,0,0,0,0,0,0,0,0,0,0,0,0,0,0,0,0,0,0,0,0,0,0,0,0
BG_950.txt,"""Глобалното затопляне"" от - 34 градуса спря електрическите автобуси в градския транспорт на Швеция!

В Швеция чакали „глобалното затопляне“ и в град Skellefteå управляващите либерасти са решили да „спасяват климата“, са инвестирали в електрически автобуси.
На 7 януари не щеш ли са регистрирали -34C и автобусите са били спрени, защото видите ли те не могат да се движат в такова студено време и трябва да бъдат паркарини на закрито за да се стоплят.
„Електрическите автобуси вероятно ще бъдат спрени от движение този следобед, защото им е много трудно да се затоплят, когато са в експлоатация… Ясно е, че електрическите автобуси са засегнати най-много от този екстремен студ“, каза Мари Ларсон, главен изпълнителен директор на Skellefteå buss .
На въпроса дали дизеловите автобуси могат да се справят с тези температури, тя отговори: „Да. Искам да кажа, че нито един автобус не може да издържи на тези температури за дълго…когато е така няколко дни, всички автобуси са засегнати“
На шведите още през 2006 г. медиите им обещаха, че до 2026 г. ще са забравили как да карат ски заради липсата на сняг…
Сега се съобщава, че човек, живеещ в Arjeplog, е отбелязал смразяващ студ -49,7C (това е -57,5 по Фаренхайт) на своя термометър, преди да спре да работи, когато достигне -50C.
Това е много близо до най-ниската температура, регистрирана някога в Швеция. Рекордът е -52,6C през цялата далечна 1966 г.
Може би е нужно още малко глобално затопляне, за да могат тези електрически автобуси да работят правилно…?
Според мен глобалното затъпяване ще ни затрие преди всякакви климатични промени!
",1,0,0,0,0,0,0,0,0,0,0,0,0,0,0,0,0,0,0,0,0,0,0,0,0,0,0,0,0,0,0,0,0,0,0,0,0,0,0,0,0,0,0,0,0,0,0,0,0,0,0,0,0,0,0,0,0,0,0,0,0,0,0,0,0,0,0,0,0,0,0,0,0,0,0,0,0,0,0,0,0,0,0,0,0,0,0,0,0,0,0,0,0,0,0,0
BG_979.txt,"Как борбата с глобалното затопляне се превърна в религия

Климатичните проблеми бъркат в джоба на всеки
Човешката дейност убива Земята, убедени са природозащитници
От първия момент на съществуване на Земята нейният климат постоянно се променя. Той е повлиян от Слънцето, геоложки фактори, процеси в околната среда и дори от странни явления като комети, астероиди и др. Напоследък обаче, до голяма степен поради индустриалната революция, влиянието на човешката дейност върху климата получава все по-голямо внимание. До толкова човечеството е „обсебено“ от този проблем, че той се изражда се в нещо подобно на религия.
Служби и тайнства
Повечето религиозни организации провеждат различни ритуални дейности с цел да предадат Божията благодат на Неговите последователи и да насърчават психологическото здраве на енориашите. Изповедта облекчава вината, свързана с неправомерни действия, а погребалният ритуал помага на човек да се справи със скръбта от загубата.
Напоследък някои хора започват да насърчават или директно да участват в ритуали, свързани с изменението на климата по същата причина. През 2014 г. министър-председателят и министърът на околната среда на Исландия, в присъствието на 100 души, поставят паметна плоча в знак на скръб за смъртта на 700-годишен ледник, а „мъртвецът“ дори има смъртен акт.
Но погребенията не са единственият ритуал в култа към изменението на климата. NBC News наскоро стартира проект Climate Confession, където хората могат да изповядат греховете си срещу майката природа. Уебсайтът на мрежата гласи: „Дори тези, които наистина се интересуват от бъдещето на планетата, могат да се подхлъзнат от време на време. Кажете ни какви са вашите грехове срещу климата? Изхвърляте ли половината си обяд? Печете пържоли всяка седмица? Споделете своите прегрешения.""
Новите проповедници
Нито една вяра не може без ентусиазирани проповедници или поддръжници и борбата срещу изменението на климата не се различава от религията в този смисъл. Вземете например Ал Гор, цялата плеяда от знаменитости и къде без Грета Тунберг, която е нещо като Света Жана д'Арк за движението за климата. Нейните речи показват изключителна ревност: „Хората страдат. Хората умират и умиращите екосистеми се сриват. Ние сме в началото на масово изчезване и въпреки това всичко, за което говорите, са пари и приказки за вечен икономически растеж. Как смеете!? Откраднахте мечтите и детството ми!“
Десятъкът е вид данък, обикновено доброволен, когато вярващите дават част от доходите си на църквата. Правителствата често налагат нови налози с необичайна лекота и е неизбежно изменението на климата да не доведе до появата на цял нов клас принудителни десятъци. Въглеродните налози се въвеждат по целия свят в името на борбата с изменението на климата. В Канада въглеродният данък добавя около 12 цента към цената на всеки литър бензин, увеличава цената на въглищата със 100%, а на природния газ със 75%.
Мъченичество
Мъченичеството е страдание и смърт в името на вярата. Страниците на историята са опръскани с кръвта на хора, загинали за своите вярвания. Борбата с изменението на климата върви по същия път. През октомври 2016 г. активистът Марк Баумър започва да ходи бос, за да привлече вниманието към заплахата от недостиг на вода. На следващата година, по време на поредния си протестен митинг, той е ударен от джип и умира. Свети Петър умря в името на Бог... Марк Баумер умря в името на климата. И двамата са смятани за мъченици, всеки за своята кауза.
Подобно на свещеници, епископи и теолози, които четат Свещеното писание и обясняват значението му на миряните, Междуправителственият панел на ООН по изменението на климата провежда изследвания на глобалното затопляне и след това тълкува резултатите за световната общност. А правителствата вземат под внимание данните и водят своите екологични политики, включително данъчни, въз основа на тях.
Свещена утвар
Свещените прибори са предмети, създадени от човека, за да напомнят на вярващия за предимствата на благочестивия и богобоязлив начин на живот. В католическата религия това са броеници, разпятия, икони…
За онези, които активно се борят с глобалното затопляне, свещените прибори включват пазарски чанти и чаши за кафе за многократна употреба, метални или хартиени сламки и разнообразие от други рециклируеми и непластмасови предмети.
Всички обичаме празниците, много от тях имат религиозен произход: Коледа, Великден и т.н. В настоящата ера на борба с глобалното затопляне вече си имаме нов - денят на Земята, 22 април, е отбелязан за първи път през 1970 г.
Есхатологията е теологичната теория за края на света. От незапомнени времена хората предричат края на цивилизацията и всеки път предсказанията не се сбъдват, поне до сега. Свидетелите на Йехова дори предричат точната дата. Когато отново нищо не се случва, те сменят датата, а след това променят подхода си и сега просто се ограничават с твърдения, че краят на света е близо.
Движението за изменение на климата също не е без апокалиптични пророчества. Ето два цитата от съвременни американски политици: „Светът ще се срине след 12 години, ако не решим проблема с изменението на климата”; „Учените са единодушни - остават ни не повече от 12 години, за да предприемем решителни действия в тази посока.” През 2006 г. филмът на Ал Гор „Неудобната истина“ предупреждава човечеството, че ако не бъдат положени всички усилия за спасяването на света от изменението на климата през следващите 10 години, всичко ще свърши.",0,0,0,0,0,0,0,0,0,0,0,0,0,0,0,0,0,0,0,0,0,1,0,1,0,0,0,0,0,0,0,0,0,0,0,0,0,0,0,1,0,0,0,0,0,0,0,0,0,0,0,0,0,0,0,0,0,0,0,0,0,0,0,0,0,0,0,0,0,0,0,0,0,0,0,0,0,0,0,0,0,0,0,0,0,0,0,0,0,0,0,0,0,0,0,0
